﻿{"cameraMode":{"drawMode":0,"name":"Shaded","section":"Shading Mode"},"sceneLighting":true,"audioPlay":false,"sceneViewState":{"showFog":true,"showMaterialUpdate":true,"showSkybox":true,"showFlares":true,"showImageEffects":true,"showParticleSystems":true},"in2DMode":false,"pivot":{"x":0.7046833038330078,"y":-0.03493964672088623,"z":0.4588441848754883},"rotation":{"x":-0.07107515633106232,"y":-0.8918113708496094,"z":0.15069696307182313,"w":-0.4206140637397766},"size":3.208294630050659,"orthographic":false}